country,alpha_2_code,alpha_3_code,numeric_code,indicator,time_period,obs_value,sex,unit_multiplier,unit_of_measure,observation_status,observation_confidentaility,time_period_activity_related_to_when_the_data_are_collected,current_age
Afghanistan,AF,AFG,4,Percentage of children (aged 5-17 years) engaged in child labour (economic activities and household chores),2023,19,Female,,%,Reported,Free,End of fieldwork,5 to 17 years old
Afghanistan,AF,AFG,4,Percentage of children (aged 5-17 years) engaged in child labour (economic activities and household chores),2023,19.6,Male,,%,Reported,Free,End of fieldwork,5 to 17 years old
Afghanistan,AF,AFG,4,Percentage of children (aged 5-17 years) engaged in child labour (economic activities and household chores),2023,19.3,Total,,%,Reported,Free,End of fieldwork,5 to 17 years old
Albania,AL,ALB,8,Percentage of children (aged 5-17 years) engaged in child labour (economic activities and household chores),2010,3,Female,,%,Reanalysed,Free,End of fieldwork,5 to 14 years old
Albania,AL,ALB,8,Percentage of children (aged 5-17 years) engaged in child labour (economic activities and household chores),2010,3.6,Male,,%,Reanalysed,Free,End of fieldwork,5 to 14 years old
Albania,AL,ALB,8,Percentage of children (aged 5-17 years) engaged in child labour (economic activities and household chores),2010,3.3,Total,,%,Reanalysed,Free,End of fieldwork,5 to 14 years old
Algeria,DZ,DZA,12,Percentage of children (aged 5-17 years) engaged in child labour (economic activities and household chores),2019,2,Female,,%,Reported,Free,End of fieldwork,5 to 17 years old
Algeria,DZ,DZA,12,Percentage of children (aged 5-17 years) engaged in child labour (economic activities and household chores),2019,2.9,Male,,%,Reported,Free,End of fieldwork,5 to 17 years old
Algeria,DZ,DZA,12,Percentage of children (aged 5-17 years) engaged in child labour (economic activities and household chores),2019,2.5,Total,,%,Reported,Free,End of fieldwork,5 to 17 years old
Angola,AO,AGO,24,Percentage of children (aged 5-17 years) engaged in child labour (economic activities and household chores),2016,19.9,Female,,%,Reanalysed,Free,End of fieldwork,5 to 17 years old
Angola,AO,AGO,24,Percentage of children (aged 5-17 years) engaged in child labour (economic activities and household chores),2016,16.6,Male,,%,Reanalysed,Free,End of fieldwork,5 to 17 years old
Angola,AO,AGO,24,Percentage of children (aged 5-17 years) engaged in child labour (economic activities and household chores),2016,18.7,Total,,%,Reanalysed,Free,End of fieldwork,5 to 17 years old
Argentina,AR,ARG,32,Percentage of children (aged 5-17 years) engaged in child labour (economic activities and household chores),2017,1.6,Female,,%,Reanalysed,Free,End of fieldwork,5 to 17 years old
Argentina,AR,ARG,32,Percentage of children (aged 5-17 years) engaged in child labour (economic activities and household chores),2017,2.4,Male,,%,Reanalysed,Free,End of fieldwork,5 to 17 years old
Argentina,AR,ARG,32,Percentage of children (aged 5-17 years) engaged in child labour (economic activities and household chores),2017,2,Total,,%,Reanalysed,Free,End of fieldwork,5 to 17 years old
Armenia,AM,ARM,51,Percentage of children (aged 5-17 years) engaged in child labour (economic activities and household chores),2015,3,Female,,%,Reanalysed,Free,End of fieldwork,5 to 17 years old
Armenia,AM,ARM,51,Percentage of children (aged 5-17 years) engaged in child labour (economic activities and household chores),2015,5,Male,,%,Reanalysed,Free,End of fieldwork,5 to 17 years old
Armenia,AM,ARM,51,Percentage of children (aged 5-17 years) engaged in child labour (economic activities and household chores),2015,4.1,Total,,%,Reanalysed,Free,End of fieldwork,5 to 17 years old
Bangladesh,BD,BGD,50,Percentage of children (aged 5-17 years) engaged in child labour (economic activities and household chores),2019,4.6,Female,,%,Reanalysed,Free,End of fieldwork,5 to 17 years old
Bangladesh,BD,BGD,50,Percentage of children (aged 5-17 years) engaged in child labour (economic activities and household chores),2019,8.8,Male,,%,Reanalysed,Free,End of fieldwork,5 to 17 years old
Bangladesh,BD,BGD,50,Percentage of children (aged 5-17 years) engaged in child labour (economic activities and household chores),2019,6.8,Total,,%,Reanalysed,Free,End of fieldwork,5 to 17 years old
Barbados,BB,BRB,52,Percentage of children (aged 5-17 years) engaged in child labour (economic activities and household chores),2012,0.9,Female,,%,Reanalysed,Free,End of fieldwork,5 to 14 years old
Barbados,BB,BRB,52,Percentage of children (aged 5-17 years) engaged in child labour (economic activities and household chores),2012,1.8,Male,,%,Reanalysed,Free,End of fieldwork,5 to 14 years old
Barbados,BB,BRB,52,Percentage of children (aged 5-17 years) engaged in child labour (economic activities and household chores),2012,1.4,Total,,%,Reanalysed,Free,End of fieldwork,5 to 14 years old
Belarus,BY,BLR,112,Percentage of children (aged 5-17 years) engaged in child labour (economic activities and household chores),2019,3.4,Female,,%,Reported,Free,End of fieldwork,5 to 17 years old
Belarus,BY,BLR,112,Percentage of children (aged 5-17 years) engaged in child labour (economic activities and household chores),2019,4.7,Male,,%,Reported,Free,End of fieldwork,5 to 17 years old
Belarus,BY,BLR,112,Percentage of children (aged 5-17 years) engaged in child labour (economic activities and household chores),2019,4.1,Total,,%,Reported,Free,End of fieldwork,5 to 17 years old
Belize,BZ,BLZ,84,Percentage of children (aged 5-17 years) engaged in child labour (economic activities and household chores),2013,2.6,Female,,%,Reanalysed,Free,End of fieldwork,5 to 17 years old
Belize,BZ,BLZ,84,Percentage of children (aged 5-17 years) engaged in child labour (economic activities and household chores),2013,3.9,Male,,%,Reanalysed,Free,End of fieldwork,5 to 17 years old
Belize,BZ,BLZ,84,Percentage of children (aged 5-17 years) engaged in child labour (economic activities and household chores),2013,3.3,Total,,%,Reanalysed,Free,End of fieldwork,5 to 17 years old
Benin,BJ,BEN,204,Percentage of children (aged 5-17 years) engaged in child labour (economic activities and household chores),2022,19.4,Female,,%,Reported,Free,End of fieldwork,5 to 17 years old
Benin,BJ,BEN,204,Percentage of children (aged 5-17 years) engaged in child labour (economic activities and household chores),2022,20.4,Male,,%,Reported,Free,End of fieldwork,5 to 17 years old
Benin,BJ,BEN,204,Percentage of children (aged 5-17 years) engaged in child labour (economic activities and household chores),2022,19.9,Total,,%,Reported,Free,End of fieldwork,5 to 17 years old
Bhutan,BT,BTN,64,Percentage of children (aged 5-17 years) engaged in child labour (economic activities and household chores),2010,4.2,Female,,%,Reanalysed,Free,End of fieldwork,5 to 14 years old
Bhutan,BT,BTN,64,Percentage of children (aged 5-17 years) engaged in child labour (economic activities and household chores),2010,2.8,Male,,%,Reanalysed,Free,End of fieldwork,5 to 14 years old
Bhutan,BT,BTN,64,Percentage of children (aged 5-17 years) engaged in child labour (economic activities and household chores),2010,3.5,Total,,%,Reanalysed,Free,End of fieldwork,5 to 14 years old
"Bolivia, Plurinational State of",BO,BOL,68,Percentage of children (aged 5-17 years) engaged in child labour (economic activities and household chores),2019,13.2,Female,,%,Reanalysed,Free,End of fieldwork,5 to 17 years old
"Bolivia, Plurinational State of",BO,BOL,68,Percentage of children (aged 5-17 years) engaged in child labour (economic activities and household chores),2019,14,Male,,%,Reanalysed,Free,End of fieldwork,5 to 17 years old
"Bolivia, Plurinational State of",BO,BOL,68,Percentage of children (aged 5-17 years) engaged in child labour (economic activities and household chores),2019,13.6,Total,,%,Reanalysed,Free,End of fieldwork,5 to 17 years old
Brazil,BR,BRA,76,Percentage of children (aged 5-17 years) engaged in child labour (economic activities and household chores),2016,1.4,Female,,%,Reanalysed,Free,End of fieldwork,5 to 17 years old
Brazil,BR,BRA,76,Percentage of children (aged 5-17 years) engaged in child labour (economic activities and household chores),2016,2.2,Male,,%,Reanalysed,Free,End of fieldwork,5 to 17 years old
Brazil,BR,BRA,76,Percentage of children (aged 5-17 years) engaged in child labour (economic activities and household chores),2016,1.8,Total,,%,Reanalysed,Free,End of fieldwork,5 to 17 years old
Burkina Faso,BF,BFA,854,Percentage of children (aged 5-17 years) engaged in child labour (economic activities and household chores),2021,40.4,Female,,%,Reanalysed,Free,End of fieldwork,5 to 17 years old
Burkina Faso,BF,BFA,854,Percentage of children (aged 5-17 years) engaged in child labour (economic activities and household chores),2021,42.6,Male,,%,Reanalysed,Free,End of fieldwork,5 to 17 years old
Burkina Faso,BF,BFA,854,Percentage of children (aged 5-17 years) engaged in child labour (economic activities and household chores),2021,41.5,Total,,%,Reanalysed,Free,End of fieldwork,5 to 17 years old
Burundi,BI,BDI,108,Percentage of children (aged 5-17 years) engaged in child labour (economic activities and household chores),2017,32.2,Female,,%,Reanalysed,Free,End of fieldwork,5 to 17 years old
Burundi,BI,BDI,108,Percentage of children (aged 5-17 years) engaged in child labour (economic activities and household chores),2017,29.7,Male,,%,Reanalysed,Free,End of fieldwork,5 to 17 years old
Burundi,BI,BDI,108,Percentage of children (aged 5-17 years) engaged in child labour (economic activities and household chores),2017,30.9,Total,,%,Reanalysed,Free,End of fieldwork,5 to 17 years old
Cambodia,KH,KHM,116,Percentage of children (aged 5-17 years) engaged in child labour (economic activities and household chores),2012,13.8,Female,,%,Reanalysed,Free,End of fieldwork,5 to 17 years old
Cambodia,KH,KHM,116,Percentage of children (aged 5-17 years) engaged in child labour (economic activities and household chores),2012,11.5,Male,,%,Reanalysed,Free,End of fieldwork,5 to 17 years old
Cambodia,KH,KHM,116,Percentage of children (aged 5-17 years) engaged in child labour (economic activities and household chores),2012,12.6,Total,,%,Reanalysed,Free,End of fieldwork,5 to 17 years old
Cameroon,CM,CMR,120,Percentage of children (aged 5-17 years) engaged in child labour (economic activities and household chores),2014,37.7,Female,,%,Reanalysed,Free,End of fieldwork,5 to 17 years old
Cameroon,CM,CMR,120,Percentage of children (aged 5-17 years) engaged in child labour (economic activities and household chores),2014,40.1,Male,,%,Reanalysed,Free,End of fieldwork,5 to 17 years old
Cameroon,CM,CMR,120,Percentage of children (aged 5-17 years) engaged in child labour (economic activities and household chores),2014,38.9,Total,,%,Reanalysed,Free,End of fieldwork,5 to 17 years old
Central African Republic,CF,CAF,140,Percentage of children (aged 5-17 years) engaged in child labour (economic activities and household chores),2019,29,Female,,%,Reported,Free,End of fieldwork,5 to 17 years old
Central African Republic,CF,CAF,140,Percentage of children (aged 5-17 years) engaged in child labour (economic activities and household chores),2019,24.9,Male,,%,Reported,Free,End of fieldwork,5 to 17 years old
Central African Republic,CF,CAF,140,Percentage of children (aged 5-17 years) engaged in child labour (economic activities and household chores),2019,26.9,Total,,%,Reported,Free,End of fieldwork,5 to 17 years old
Chad,TD,TCD,148,Percentage of children (aged 5-17 years) engaged in child labour (economic activities and household chores),2019,39.6,Female,,%,Reported,Free,End of fieldwork,5 to 17 years old
Chad,TD,TCD,148,Percentage of children (aged 5-17 years) engaged in child labour (economic activities and household chores),2019,38.5,Male,,%,Reported,Free,End of fieldwork,5 to 17 years old
Chad,TD,TCD,148,Percentage of children (aged 5-17 years) engaged in child labour (economic activities and household chores),2019,39,Total,,%,Reported,Free,End of fieldwork,5 to 17 years old
Chile,CL,CHL,152,Percentage of children (aged 5-17 years) engaged in child labour (economic activities and household chores),2012,5.2,Female,,%,Reanalysed,Free,End of fieldwork,5 to 17 years old
Chile,CL,CHL,152,Percentage of children (aged 5-17 years) engaged in child labour (economic activities and household chores),2012,6.7,Male,,%,Reanalysed,Free,End of fieldwork,5 to 17 years old
Chile,CL,CHL,152,Percentage of children (aged 5-17 years) engaged in child labour (economic activities and household chores),2012,5.9,Total,,%,Reanalysed,Free,End of fieldwork,5 to 17 years old
Colombia,CO,COL,170,Percentage of children (aged 5-17 years) engaged in child labour (economic activities and household chores),2022,9.9,Female,,%,Reanalysed,Free,End of fieldwork,5 to 17 years old
Colombia,CO,COL,170,Percentage of children (aged 5-17 years) engaged in child labour (economic activities and household chores),2022,4.5,Male,,%,Reanalysed,Free,End of fieldwork,5 to 17 years old
Colombia,CO,COL,170,Percentage of children (aged 5-17 years) engaged in child labour (economic activities and household chores),2022,7.1,Total,,%,Reanalysed,Free,End of fieldwork,5 to 17 years old
Comoros,KM,COM,174,Percentage of children (aged 5-17 years) engaged in child labour (economic activities and household chores),2022,9.7,Female,,%,Reported,Free,End of fieldwork,5 to 17 years old
Comoros,KM,COM,174,Percentage of children (aged 5-17 years) engaged in child labour (economic activities and household chores),2022,8.5,Male,,%,Reported,Free,End of fieldwork,5 to 17 years old
Comoros,KM,COM,174,Percentage of children (aged 5-17 years) engaged in child labour (economic activities and household chores),2022,9.1,Total,,%,Reported,Free,End of fieldwork,5 to 17 years old
Congo,CG,COG,178,Percentage of children (aged 5-17 years) engaged in child labour (economic activities and household chores),2015,14.8,Female,,%,Reanalysed,Free,End of fieldwork,5 to 17 years old
Congo,CG,COG,178,Percentage of children (aged 5-17 years) engaged in child labour (economic activities and household chores),2015,13.4,Male,,%,Reanalysed,Free,End of fieldwork,5 to 17 years old
Congo,CG,COG,178,Percentage of children (aged 5-17 years) engaged in child labour (economic activities and household chores),2015,14.1,Total,,%,Reanalysed,Free,End of fieldwork,5 to 17 years old
Costa Rica,CR,CRI,188,Percentage of children (aged 5-17 years) engaged in child labour (economic activities and household chores),2018,3.2,Female,,%,Reanalysed,Free,End of fieldwork,5 to 17 years old
Costa Rica,CR,CRI,188,Percentage of children (aged 5-17 years) engaged in child labour (economic activities and household chores),2018,4.3,Male,,%,Reanalysed,Free,End of fieldwork,5 to 17 years old
Costa Rica,CR,CRI,188,Percentage of children (aged 5-17 years) engaged in child labour (economic activities and household chores),2018,3.8,Total,,%,Reanalysed,Free,End of fieldwork,5 to 17 years old
Ivory Coast,CI,CIV,384,Percentage of children (aged 5-17 years) engaged in child labour (economic activities and household chores),2021,15.6,Female,,%,Reanalysed,Free,End of fieldwork,5 to 17 years old
Ivory Coast,CI,CIV,384,Percentage of children (aged 5-17 years) engaged in child labour (economic activities and household chores),2021,13.7,Male,,%,Reanalysed,Free,End of fieldwork,5 to 17 years old
Ivory Coast,CI,CIV,384,Percentage of children (aged 5-17 years) engaged in child labour (economic activities and household chores),2021,14.7,Total,,%,Reanalysed,Free,End of fieldwork,5 to 17 years old
"Korea, Democratic People's Republic of",KP,PRK,408,Percentage of children (aged 5-17 years) engaged in child labour (economic activities and household chores),2017,4.1,Female,,%,Reanalysed,Free,End of fieldwork,5 to 17 years old
"Korea, Democratic People's Republic of",KP,PRK,408,Percentage of children (aged 5-17 years) engaged in child labour (economic activities and household chores),2017,4.5,Male,,%,Reanalysed,Free,End of fieldwork,5 to 17 years old
"Korea, Democratic People's Republic of",KP,PRK,408,Percentage of children (aged 5-17 years) engaged in child labour (economic activities and household chores),2017,4.3,Total,,%,Reanalysed,Free,End of fieldwork,5 to 17 years old
"Congo, the Democratic Republic of the",CD,COD,180,Percentage of children (aged 5-17 years) engaged in child labour (economic activities and household chores),2018,16.7,Female,,%,Reanalysed,Free,End of fieldwork,5 to 17 years old
"Congo, the Democratic Republic of the",CD,COD,180,Percentage of children (aged 5-17 years) engaged in child labour (economic activities and household chores),2018,12.6,Male,,%,Reanalysed,Free,End of fieldwork,5 to 17 years old
"Congo, the Democratic Republic of the",CD,COD,180,Percentage of children (aged 5-17 years) engaged in child labour (economic activities and household chores),2018,14.7,Total,,%,Reanalysed,Free,End of fieldwork,5 to 17 years old
Dominican Republic,DO,DOM,214,Percentage of children (aged 5-17 years) engaged in child labour (economic activities and household chores),2019,3,Female,,%,Reported,Free,End of fieldwork,5 to 17 years old
Dominican Republic,DO,DOM,214,Percentage of children (aged 5-17 years) engaged in child labour (economic activities and household chores),2019,4.6,Male,,%,Reported,Free,End of fieldwork,5 to 17 years old
Dominican Republic,DO,DOM,214,Percentage of children (aged 5-17 years) engaged in child labour (economic activities and household chores),2019,3.8,Total,,%,Reported,Free,End of fieldwork,5 to 17 years old
Egypt,EG,EGY,818,Percentage of children (aged 5-17 years) engaged in child labour (economic activities and household chores),2021,2.9,Female,,%,Reanalysed,Free,End of fieldwork,5 to 17 years old
Egypt,EG,EGY,818,Percentage of children (aged 5-17 years) engaged in child labour (economic activities and household chores),2021,4.3,Male,,%,Reanalysed,Free,End of fieldwork,5 to 17 years old
Egypt,EG,EGY,818,Percentage of children (aged 5-17 years) engaged in child labour (economic activities and household chores),2021,3.6,Total,,%,Reanalysed,Free,End of fieldwork,5 to 17 years old
El Salvador,SV,SLV,222,Percentage of children (aged 5-17 years) engaged in child labour (economic activities and household chores),2019,7.3,Female,,%,Reanalysed,Free,End of fieldwork,5 to 17 years old
El Salvador,SV,SLV,222,Percentage of children (aged 5-17 years) engaged in child labour (economic activities and household chores),2019,6.5,Male,,%,Reanalysed,Free,End of fieldwork,5 to 17 years old
El Salvador,SV,SLV,222,Percentage of children (aged 5-17 years) engaged in child labour (economic activities and household chores),2019,6.9,Total,,%,Reanalysed,Free,End of fieldwork,5 to 17 years old
Swaziland,SZ,SWZ,748,Percentage of children (aged 5-17 years) engaged in child labour (economic activities and household chores),2022,14.1,Female,,%,Reported,Free,End of fieldwork,5 to 17 years old
Swaziland,SZ,SWZ,748,Percentage of children (aged 5-17 years) engaged in child labour (economic activities and household chores),2022,13.1,Male,,%,Reported,Free,End of fieldwork,5 to 17 years old
Swaziland,SZ,SWZ,748,Percentage of children (aged 5-17 years) engaged in child labour (economic activities and household chores),2022,13.6,Total,,%,Reported,Free,End of fieldwork,5 to 17 years old
Ethiopia,ET,ETH,231,Percentage of children (aged 5-17 years) engaged in child labour (economic activities and household chores),2015,38.9,Female,,%,Reanalysed,Free,End of fieldwork,5 to 14 years old
Ethiopia,ET,ETH,231,Percentage of children (aged 5-17 years) engaged in child labour (economic activities and household chores),2015,50.6,Male,,%,Reanalysed,Free,End of fieldwork,5 to 14 years old
Ethiopia,ET,ETH,231,Percentage of children (aged 5-17 years) engaged in child labour (economic activities and household chores),2015,45,Total,,%,Reanalysed,Free,End of fieldwork,5 to 14 years old
Fiji,FJ,FJI,242,Percentage of children (aged 5-17 years) engaged in child labour (economic activities and household chores),2021,13.5,Female,,%,Reported,Free,End of fieldwork,5 to 17 years old
Fiji,FJ,FJI,242,Percentage of children (aged 5-17 years) engaged in child labour (economic activities and household chores),2021,19.6,Male,,%,Reported,Free,End of fieldwork,5 to 17 years old
Fiji,FJ,FJI,242,Percentage of children (aged 5-17 years) engaged in child labour (economic activities and household chores),2021,16.7,Total,,%,Reported,Free,End of fieldwork,5 to 17 years old
Gabon,GA,GAB,266,Percentage of children (aged 5-17 years) engaged in child labour (economic activities and household chores),2021,11.1,Female,,%,Reanalysed,Free,End of fieldwork,5 to 17 years old
Gabon,GA,GAB,266,Percentage of children (aged 5-17 years) engaged in child labour (economic activities and household chores),2021,12.5,Male,,%,Reanalysed,Free,End of fieldwork,5 to 17 years old
Gabon,GA,GAB,266,Percentage of children (aged 5-17 years) engaged in child labour (economic activities and household chores),2021,11.8,Total,,%,Reanalysed,Free,End of fieldwork,5 to 17 years old
Gambia,GM,GMB,270,Percentage of children (aged 5-17 years) engaged in child labour (economic activities and household chores),2018,17.2,Female,,%,Reanalysed,Free,End of fieldwork,5 to 17 years old
Gambia,GM,GMB,270,Percentage of children (aged 5-17 years) engaged in child labour (economic activities and household chores),2018,16.5,Male,,%,Reanalysed,Free,End of fieldwork,5 to 17 years old
Gambia,GM,GMB,270,Percentage of children (aged 5-17 years) engaged in child labour (economic activities and household chores),2018,16.9,Total,,%,Reanalysed,Free,End of fieldwork,5 to 17 years old
Georgia,GE,GEO,268,Percentage of children (aged 5-17 years) engaged in child labour (economic activities and household chores),2015,1,Female,,%,Reanalysed,Free,End of fieldwork,5 to 17 years old
Georgia,GE,GEO,268,Percentage of children (aged 5-17 years) engaged in child labour (economic activities and household chores),2015,2.1,Male,,%,Reanalysed,Free,End of fieldwork,5 to 17 years old
Georgia,GE,GEO,268,Percentage of children (aged 5-17 years) engaged in child labour (economic activities and household chores),2015,1.6,Total,,%,Reanalysed,Free,End of fieldwork,5 to 17 years old
Ghana,GH,GHA,288,Percentage of children (aged 5-17 years) engaged in child labour (economic activities and household chores),2018,21.7,Female,,%,Reanalysed,Free,End of fieldwork,5 to 17 years old
Ghana,GH,GHA,288,Percentage of children (aged 5-17 years) engaged in child labour (economic activities and household chores),2018,18.6,Male,,%,Reanalysed,Free,End of fieldwork,5 to 17 years old
Ghana,GH,GHA,288,Percentage of children (aged 5-17 years) engaged in child labour (economic activities and household chores),2018,20.1,Total,,%,Reanalysed,Free,End of fieldwork,5 to 17 years old
Guinea,GN,GIN,324,Percentage of children (aged 5-17 years) engaged in child labour (economic activities and household chores),2016,24.5,Female,,%,Reanalysed,Free,End of fieldwork,5 to 17 years old
Guinea,GN,GIN,324,Percentage of children (aged 5-17 years) engaged in child labour (economic activities and household chores),2016,23.9,Male,,%,Reanalysed,Free,End of fieldwork,5 to 17 years old
Guinea,GN,GIN,324,Percentage of children (aged 5-17 years) engaged in child labour (economic activities and household chores),2016,24.2,Total,,%,Reanalysed,Free,End of fieldwork,5 to 17 years old
Guinea-Bissau,GW,GNB,624,Percentage of children (aged 5-17 years) engaged in child labour (economic activities and household chores),2019,16.3,Female,,%,Reanalysed,Free,End of fieldwork,5 to 17 years old
Guinea-Bissau,GW,GNB,624,Percentage of children (aged 5-17 years) engaged in child labour (economic activities and household chores),2019,18.1,Male,,%,Reanalysed,Free,End of fieldwork,5 to 17 years old
Guinea-Bissau,GW,GNB,624,Percentage of children (aged 5-17 years) engaged in child labour (economic activities and household chores),2019,17.2,Total,,%,Reanalysed,Free,End of fieldwork,5 to 17 years old
Guyana,GY,GUY,328,Percentage of children (aged 5-17 years) engaged in child labour (economic activities and household chores),2020,5.5,Female,,%,Reanalysed,Free,End of fieldwork,5 to 17 years old
Guyana,GY,GUY,328,Percentage of children (aged 5-17 years) engaged in child labour (economic activities and household chores),2020,7.4,Male,,%,Reanalysed,Free,End of fieldwork,5 to 17 years old
Guyana,GY,GUY,328,Percentage of children (aged 5-17 years) engaged in child labour (economic activities and household chores),2020,6.4,Total,,%,Reanalysed,Free,End of fieldwork,5 to 17 years old
Haiti,HT,HTI,332,Percentage of children (aged 5-17 years) engaged in child labour (economic activities and household chores),2012,26.2,Female,,%,Reanalysed,Free,End of fieldwork,5 to 14 years old
Haiti,HT,HTI,332,Percentage of children (aged 5-17 years) engaged in child labour (economic activities and household chores),2012,44,Male,,%,Reanalysed,Free,End of fieldwork,5 to 14 years old
Haiti,HT,HTI,332,Percentage of children (aged 5-17 years) engaged in child labour (economic activities and household chores),2012,35.5,Total,,%,Reanalysed,Free,End of fieldwork,5 to 14 years old
Honduras,HN,HND,340,Percentage of children (aged 5-17 years) engaged in child labour (economic activities and household chores),2019,12.9,Female,,%,Reported,Free,End of fieldwork,5 to 17 years old
Honduras,HN,HND,340,Percentage of children (aged 5-17 years) engaged in child labour (economic activities and household chores),2019,17.6,Male,,%,Reported,Free,End of fieldwork,5 to 17 years old
Honduras,HN,HND,340,Percentage of children (aged 5-17 years) engaged in child labour (economic activities and household chores),2019,15.3,Total,,%,Reported,Free,End of fieldwork,5 to 17 years old
Iraq,IQ,IRQ,368,Percentage of children (aged 5-17 years) engaged in child labour (economic activities and household chores),2018,4.1,Female,,%,Reanalysed,Free,End of fieldwork,5 to 17 years old
Iraq,IQ,IRQ,368,Percentage of children (aged 5-17 years) engaged in child labour (economic activities and household chores),2018,4.8,Male,,%,Reanalysed,Free,End of fieldwork,5 to 17 years old
Iraq,IQ,IRQ,368,Percentage of children (aged 5-17 years) engaged in child labour (economic activities and household chores),2018,4.5,Total,,%,Reanalysed,Free,End of fieldwork,5 to 17 years old
Jamaica,JM,JAM,388,Percentage of children (aged 5-17 years) engaged in child labour (economic activities and household chores),2016,2.4,Female,,%,Reanalysed,Free,End of fieldwork,5 to 17 years old
Jamaica,JM,JAM,388,Percentage of children (aged 5-17 years) engaged in child labour (economic activities and household chores),2016,3.3,Male,,%,Reanalysed,Free,End of fieldwork,5 to 17 years old
Jamaica,JM,JAM,388,Percentage of children (aged 5-17 years) engaged in child labour (economic activities and household chores),2016,2.9,Total,,%,Reanalysed,Free,End of fieldwork,5 to 17 years old
Jordan,JO,JOR,400,Percentage of children (aged 5-17 years) engaged in child labour (economic activities and household chores),2016,1,Female,,%,Reanalysed,Free,End of fieldwork,5 to 17 years old
Jordan,JO,JOR,400,Percentage of children (aged 5-17 years) engaged in child labour (economic activities and household chores),2016,2.3,Male,,%,Reanalysed,Free,End of fieldwork,5 to 17 years old
Jordan,JO,JOR,400,Percentage of children (aged 5-17 years) engaged in child labour (economic activities and household chores),2016,1.7,Total,,%,Reanalysed,Free,End of fieldwork,5 to 17 years old
Kiribati,KI,KIR,296,Percentage of children (aged 5-17 years) engaged in child labour (economic activities and household chores),2019,14.5,Female,,%,Reanalysed,Free,End of fieldwork,5 to 17 years old
Kiribati,KI,KIR,296,Percentage of children (aged 5-17 years) engaged in child labour (economic activities and household chores),2019,18.5,Male,,%,Reanalysed,Free,End of fieldwork,5 to 17 years old
Kiribati,KI,KIR,296,Percentage of children (aged 5-17 years) engaged in child labour (economic activities and household chores),2019,16.5,Total,,%,Reanalysed,Free,End of fieldwork,5 to 17 years old
Kyrgyzstan,KG,KGZ,417,Percentage of children (aged 5-17 years) engaged in child labour (economic activities and household chores),2018,19.1,Female,,%,Reanalysed,Free,End of fieldwork,5 to 17 years old
Kyrgyzstan,KG,KGZ,417,Percentage of children (aged 5-17 years) engaged in child labour (economic activities and household chores),2018,25.1,Male,,%,Reanalysed,Free,End of fieldwork,5 to 17 years old
Kyrgyzstan,KG,KGZ,417,Percentage of children (aged 5-17 years) engaged in child labour (economic activities and household chores),2018,22.3,Total,,%,Reanalysed,Free,End of fieldwork,5 to 17 years old
Lao People's Democratic Republic,LA,LAO,418,Percentage of children (aged 5-17 years) engaged in child labour (economic activities and household chores),2017,29,Female,,%,Reanalysed,Free,End of fieldwork,5 to 17 years old
Lao People's Democratic Republic,LA,LAO,418,Percentage of children (aged 5-17 years) engaged in child labour (economic activities and household chores),2017,27.4,Male,,%,Reanalysed,Free,End of fieldwork,5 to 17 years old
Lao People's Democratic Republic,LA,LAO,418,Percentage of children (aged 5-17 years) engaged in child labour (economic activities and household chores),2017,28.2,Total,,%,Reanalysed,Free,End of fieldwork,5 to 17 years old
Lesotho,LS,LSO,426,Percentage of children (aged 5-17 years) engaged in child labour (economic activities and household chores),2018,12.7,Female,,%,Reanalysed,Free,End of fieldwork,5 to 17 years old
Lesotho,LS,LSO,426,Percentage of children (aged 5-17 years) engaged in child labour (economic activities and household chores),2018,15.1,Male,,%,Reanalysed,Free,End of fieldwork,5 to 17 years old
Lesotho,LS,LSO,426,Percentage of children (aged 5-17 years) engaged in child labour (economic activities and household chores),2018,13.9,Total,,%,Reanalysed,Free,End of fieldwork,5 to 17 years old
Liberia,LR,LBR,430,Percentage of children (aged 5-17 years) engaged in child labour (economic activities and household chores),2020,29.4,Female,,%,Reanalysed,Free,End of fieldwork,5 to 17 years old
Liberia,LR,LBR,430,Percentage of children (aged 5-17 years) engaged in child labour (economic activities and household chores),2020,26.3,Male,,%,Reanalysed,Free,End of fieldwork,5 to 17 years old
Liberia,LR,LBR,430,Percentage of children (aged 5-17 years) engaged in child labour (economic activities and household chores),2020,27.8,Total,,%,Reanalysed,Free,End of fieldwork,5 to 17 years old
Madagascar,MG,MDG,450,Percentage of children (aged 5-17 years) engaged in child labour (economic activities and household chores),2018,35.1,Female,,%,Reanalysed,Free,End of fieldwork,5 to 17 years old
Madagascar,MG,MDG,450,Percentage of children (aged 5-17 years) engaged in child labour (economic activities and household chores),2018,38.3,Male,,%,Reanalysed,Free,End of fieldwork,5 to 17 years old
Madagascar,MG,MDG,450,Percentage of children (aged 5-17 years) engaged in child labour (economic activities and household chores),2018,36.7,Total,,%,Reanalysed,Free,End of fieldwork,5 to 17 years old
Malawi,MW,MWI,454,Percentage of children (aged 5-17 years) engaged in child labour (economic activities and household chores),2020,13.9,Female,,%,Reported,Free,End of fieldwork,5 to 17 years old
Malawi,MW,MWI,454,Percentage of children (aged 5-17 years) engaged in child labour (economic activities and household chores),2020,14.1,Male,,%,Reported,Free,End of fieldwork,5 to 17 years old
Malawi,MW,MWI,454,Percentage of children (aged 5-17 years) engaged in child labour (economic activities and household chores),2020,14,Total,,%,Reported,Free,End of fieldwork,5 to 17 years old
Mali,ML,MLI,466,Percentage of children (aged 5-17 years) engaged in child labour (economic activities and household chores),2020,22.8,Female,,%,Reanalysed,Free,End of fieldwork,5 to 17 years old
Mali,ML,MLI,466,Percentage of children (aged 5-17 years) engaged in child labour (economic activities and household chores),2020,22.7,Male,,%,Reanalysed,Free,End of fieldwork,5 to 17 years old
Mali,ML,MLI,466,Percentage of children (aged 5-17 years) engaged in child labour (economic activities and household chores),2020,22.7,Total,,%,Reanalysed,Free,End of fieldwork,5 to 17 years old
Mauritania,MR,MRT,478,Percentage of children (aged 5-17 years) engaged in child labour (economic activities and household chores),2015,12.6,Female,,%,Reanalysed,Free,End of fieldwork,5 to 17 years old
Mauritania,MR,MRT,478,Percentage of children (aged 5-17 years) engaged in child labour (economic activities and household chores),2015,15.4,Male,,%,Reanalysed,Free,End of fieldwork,5 to 17 years old
Mauritania,MR,MRT,478,Percentage of children (aged 5-17 years) engaged in child labour (economic activities and household chores),2015,14,Total,,%,Reanalysed,Free,End of fieldwork,5 to 17 years old
Mexico,MX,MEX,484,Percentage of children (aged 5-17 years) engaged in child labour (economic activities and household chores),2019,3.4,Female,,%,Reanalysed,Free,End of fieldwork,5 to 17 years old
Mexico,MX,MEX,484,Percentage of children (aged 5-17 years) engaged in child labour (economic activities and household chores),2019,6,Male,,%,Reanalysed,Free,End of fieldwork,5 to 17 years old
Mexico,MX,MEX,484,Percentage of children (aged 5-17 years) engaged in child labour (economic activities and household chores),2019,4.7,Total,,%,Reanalysed,Free,End of fieldwork,5 to 17 years old
Mongolia,MN,MNG,496,Percentage of children (aged 5-17 years) engaged in child labour (economic activities and household chores),2018,13.2,Female,,%,Reanalysed,Free,End of fieldwork,5 to 17 years old
Mongolia,MN,MNG,496,Percentage of children (aged 5-17 years) engaged in child labour (economic activities and household chores),2018,16.1,Male,,%,Reanalysed,Free,End of fieldwork,5 to 17 years old
Mongolia,MN,MNG,496,Percentage of children (aged 5-17 years) engaged in child labour (economic activities and household chores),2018,14.7,Total,,%,Reanalysed,Free,End of fieldwork,5 to 17 years old
Montenegro,ME,MNE,499,Percentage of children (aged 5-17 years) engaged in child labour (economic activities and household chores),2018,7,Female,,%,Reanalysed,Free,End of fieldwork,5 to 17 years old
Montenegro,ME,MNE,499,Percentage of children (aged 5-17 years) engaged in child labour (economic activities and household chores),2018,8.5,Male,,%,Reanalysed,Free,End of fieldwork,5 to 17 years old
Montenegro,ME,MNE,499,Percentage of children (aged 5-17 years) engaged in child labour (economic activities and household chores),2018,7.7,Total,,%,Reanalysed,Free,End of fieldwork,5 to 17 years old
Myanmar,MM,MMR,104,Percentage of children (aged 5-17 years) engaged in child labour (economic activities and household chores),2015,9.7,Female,,%,Reanalysed,Free,End of fieldwork,5 to 17 years old
Myanmar,MM,MMR,104,Percentage of children (aged 5-17 years) engaged in child labour (economic activities and household chores),2015,10.2,Male,,%,Reanalysed,Free,End of fieldwork,5 to 17 years old
Myanmar,MM,MMR,104,Percentage of children (aged 5-17 years) engaged in child labour (economic activities and household chores),2015,9.9,Total,,%,Reanalysed,Free,End of fieldwork,5 to 17 years old
Nepal,NP,NPL,524,Percentage of children (aged 5-17 years) engaged in child labour (economic activities and household chores),2014,23.1,Female,,%,Reanalysed,Free,End of fieldwork,5 to 17 years old
Nepal,NP,NPL,524,Percentage of children (aged 5-17 years) engaged in child labour (economic activities and household chores),2014,20.3,Male,,%,Reanalysed,Free,End of fieldwork,5 to 17 years old
Nepal,NP,NPL,524,Percentage of children (aged 5-17 years) engaged in child labour (economic activities and household chores),2014,21.7,Total,,%,Reanalysed,Free,End of fieldwork,5 to 17 years old
Niger,NE,NER,562,Percentage of children (aged 5-17 years) engaged in child labour (economic activities and household chores),2012,34.5,Female,,%,Reanalysed,Free,End of fieldwork,5 to 14 years old
Niger,NE,NER,562,Percentage of children (aged 5-17 years) engaged in child labour (economic activities and household chores),2012,34.1,Male,,%,Reanalysed,Free,End of fieldwork,5 to 14 years old
Niger,NE,NER,562,Percentage of children (aged 5-17 years) engaged in child labour (economic activities and household chores),2012,34.4,Total,,%,Reanalysed,Free,End of fieldwork,5 to 14 years old
Nigeria,NG,NGA,566,Percentage of children (aged 5-17 years) engaged in child labour (economic activities and household chores),2021,30,Female,,%,Reported,Free,End of fieldwork,5 to 17 years old
Nigeria,NG,NGA,566,Percentage of children (aged 5-17 years) engaged in child labour (economic activities and household chores),2021,33,Male,,%,Reported,Free,End of fieldwork,5 to 17 years old
Nigeria,NG,NGA,566,Percentage of children (aged 5-17 years) engaged in child labour (economic activities and household chores),2021,31.5,Total,,%,Reported,Free,End of fieldwork,5 to 17 years old
"Macedonia, the former Yugoslav Republic of",MK,MKD,807,Percentage of children (aged 5-17 years) engaged in child labour (economic activities and household chores),2019,2.1,Female,,%,Reanalysed,Free,End of fieldwork,5 to 17 years old
"Macedonia, the former Yugoslav Republic of",MK,MKD,807,Percentage of children (aged 5-17 years) engaged in child labour (economic activities and household chores),2019,3.7,Male,,%,Reanalysed,Free,End of fieldwork,5 to 17 years old
"Macedonia, the former Yugoslav Republic of",MK,MKD,807,Percentage of children (aged 5-17 years) engaged in child labour (economic activities and household chores),2019,2.9,Total,,%,Reanalysed,Free,End of fieldwork,5 to 17 years old
Pakistan,PK,PAK,586,Percentage of children (aged 5-17 years) engaged in child labour (economic activities and household chores),2018,10.1,Female,,%,Reanalysed,Free,End of fieldwork,10 to 17 years old
Pakistan,PK,PAK,586,Percentage of children (aged 5-17 years) engaged in child labour (economic activities and household chores),2018,12.5,Male,,%,Reanalysed,Free,End of fieldwork,10 to 17 years old
Pakistan,PK,PAK,586,Percentage of children (aged 5-17 years) engaged in child labour (economic activities and household chores),2018,11.4,Total,,%,Reanalysed,Free,End of fieldwork,10 to 17 years old
Panama,PA,PAN,591,Percentage of children (aged 5-17 years) engaged in child labour (economic activities and household chores),2016,1.4,Female,,%,Reanalysed,Free,End of fieldwork,5 to 17 years old
Panama,PA,PAN,591,Percentage of children (aged 5-17 years) engaged in child labour (economic activities and household chores),2016,3.3,Male,,%,Reanalysed,Free,End of fieldwork,5 to 17 years old
Panama,PA,PAN,591,Percentage of children (aged 5-17 years) engaged in child labour (economic activities and household chores),2016,2.3,Total,,%,Reanalysed,Free,End of fieldwork,5 to 17 years old
Paraguay,PY,PRY,600,Percentage of children (aged 5-17 years) engaged in child labour (economic activities and household chores),2016,13.1,Female,,%,Reanalysed,Free,End of fieldwork,5 to 17 years old
Paraguay,PY,PRY,600,Percentage of children (aged 5-17 years) engaged in child labour (economic activities and household chores),2016,20.3,Male,,%,Reanalysed,Free,End of fieldwork,5 to 17 years old
Paraguay,PY,PRY,600,Percentage of children (aged 5-17 years) engaged in child labour (economic activities and household chores),2016,17.9,Total,,%,Reanalysed,Free,End of fieldwork,5 to 17 years old
Peru,PE,PER,604,Percentage of children (aged 5-17 years) engaged in child labour (economic activities and household chores),2015,14.7,Female,,%,Reanalysed,Free,End of fieldwork,5 to 17 years old
Peru,PE,PER,604,Percentage of children (aged 5-17 years) engaged in child labour (economic activities and household chores),2015,14.3,Male,,%,Reanalysed,Free,End of fieldwork,5 to 17 years old
Peru,PE,PER,604,Percentage of children (aged 5-17 years) engaged in child labour (economic activities and household chores),2015,14.5,Total,,%,Reanalysed,Free,End of fieldwork,5 to 17 years old
Rwanda,RW,RWA,646,Percentage of children (aged 5-17 years) engaged in child labour (economic activities and household chores),2014,21.2,Female,,%,Reanalysed,Free,End of fieldwork,6 to 17 years old
Rwanda,RW,RWA,646,Percentage of children (aged 5-17 years) engaged in child labour (economic activities and household chores),2014,16.8,Male,,%,Reanalysed,Free,End of fieldwork,6 to 17 years old
Rwanda,RW,RWA,646,Percentage of children (aged 5-17 years) engaged in child labour (economic activities and household chores),2014,19,Total,,%,Reanalysed,Free,End of fieldwork,6 to 17 years old
Saint Lucia,LC,LCA,662,Percentage of children (aged 5-17 years) engaged in child labour (economic activities and household chores),2012,1.9,Female,,%,Reanalysed,Free,End of fieldwork,5 to 14 years old
Saint Lucia,LC,LCA,662,Percentage of children (aged 5-17 years) engaged in child labour (economic activities and household chores),2012,4.6,Male,,%,Reanalysed,Free,End of fieldwork,5 to 14 years old
Saint Lucia,LC,LCA,662,Percentage of children (aged 5-17 years) engaged in child labour (economic activities and household chores),2012,3.3,Total,,%,Reanalysed,Free,End of fieldwork,5 to 14 years old
Samoa,WS,WSM,882,Percentage of children (aged 5-17 years) engaged in child labour (economic activities and household chores),2020,11.4,Female,,%,Reported,Free,End of fieldwork,5 to 17 years old
Samoa,WS,WSM,882,Percentage of children (aged 5-17 years) engaged in child labour (economic activities and household chores),2020,16,Male,,%,Reported,Free,End of fieldwork,5 to 17 years old
Samoa,WS,WSM,882,Percentage of children (aged 5-17 years) engaged in child labour (economic activities and household chores),2020,13.9,Total,,%,Reported,Free,End of fieldwork,5 to 17 years old
Sao Tome and Principe,ST,STP,678,Percentage of children (aged 5-17 years) engaged in child labour (economic activities and household chores),2019,12.1,Female,,%,Reported,Free,End of fieldwork,5 to 17 years old
Sao Tome and Principe,ST,STP,678,Percentage of children (aged 5-17 years) engaged in child labour (economic activities and household chores),2019,8.9,Male,,%,Reported,Free,End of fieldwork,5 to 17 years old
Sao Tome and Principe,ST,STP,678,Percentage of children (aged 5-17 years) engaged in child labour (economic activities and household chores),2019,10.5,Total,,%,Reported,Free,End of fieldwork,5 to 17 years old
Senegal,SN,SEN,686,Percentage of children (aged 5-17 years) engaged in child labour (economic activities and household chores),2016,18.6,Female,,%,Reanalysed,Free,End of fieldwork,5 to 17 years old
Senegal,SN,SEN,686,Percentage of children (aged 5-17 years) engaged in child labour (economic activities and household chores),2016,27.1,Male,,%,Reanalysed,Free,End of fieldwork,5 to 17 years old
Senegal,SN,SEN,686,Percentage of children (aged 5-17 years) engaged in child labour (economic activities and household chores),2016,22.8,Total,,%,Reanalysed,Free,End of fieldwork,5 to 17 years old
Serbia,RS,SRB,688,Percentage of children (aged 5-17 years) engaged in child labour (economic activities and household chores),2019,7.5,Female,,%,Reanalysed,Free,End of fieldwork,5 to 17 years old
Serbia,RS,SRB,688,Percentage of children (aged 5-17 years) engaged in child labour (economic activities and household chores),2019,11.2,Male,,%,Reanalysed,Free,End of fieldwork,5 to 17 years old
Serbia,RS,SRB,688,Percentage of children (aged 5-17 years) engaged in child labour (economic activities and household chores),2019,9.5,Total,,%,Reanalysed,Free,End of fieldwork,5 to 17 years old
Sierra Leone,SL,SLE,694,Percentage of children (aged 5-17 years) engaged in child labour (economic activities and household chores),2017,24.8,Female,,%,Reanalysed,Free,End of fieldwork,5 to 17 years old
Sierra Leone,SL,SLE,694,Percentage of children (aged 5-17 years) engaged in child labour (economic activities and household chores),2017,25.6,Male,,%,Reanalysed,Free,End of fieldwork,5 to 17 years old
Sierra Leone,SL,SLE,694,Percentage of children (aged 5-17 years) engaged in child labour (economic activities and household chores),2017,25.2,Total,,%,Reanalysed,Free,End of fieldwork,5 to 17 years old
Solomon Islands,SB,SLB,90,Percentage of children (aged 5-17 years) engaged in child labour (economic activities and household chores),2015,18.6,Female,,%,Reanalysed,Free,End of fieldwork,5 to 14 years old
Solomon Islands,SB,SLB,90,Percentage of children (aged 5-17 years) engaged in child labour (economic activities and household chores),2015,17.1,Male,,%,Reanalysed,Free,End of fieldwork,5 to 14 years old
Solomon Islands,SB,SLB,90,Percentage of children (aged 5-17 years) engaged in child labour (economic activities and household chores),2015,17.9,Total,,%,Reanalysed,Free,End of fieldwork,5 to 14 years old
South Africa,ZA,ZAF,710,Percentage of children (aged 5-17 years) engaged in child labour (economic activities and household chores),2015,3.3,Female,,%,Reanalysed,Free,End of fieldwork,7 to 17 years old
South Africa,ZA,ZAF,710,Percentage of children (aged 5-17 years) engaged in child labour (economic activities and household chores),2015,3.8,Male,,%,Reanalysed,Free,End of fieldwork,7 to 17 years old
South Africa,ZA,ZAF,710,Percentage of children (aged 5-17 years) engaged in child labour (economic activities and household chores),2015,3.6,Total,,%,Reanalysed,Free,End of fieldwork,7 to 17 years old
Sri Lanka,LK,LKA,144,Percentage of children (aged 5-17 years) engaged in child labour (economic activities and household chores),2016,0.6,Female,,%,Reanalysed,Free,End of fieldwork,5 to 17 years old
Sri Lanka,LK,LKA,144,Percentage of children (aged 5-17 years) engaged in child labour (economic activities and household chores),2016,0.9,Male,,%,Reanalysed,Free,End of fieldwork,5 to 17 years old
Sri Lanka,LK,LKA,144,Percentage of children (aged 5-17 years) engaged in child labour (economic activities and household chores),2016,0.8,Total,,%,Reanalysed,Free,End of fieldwork,5 to 17 years old
"Palestinian Territory, Occupied",PS,PSE,275,Percentage of children (aged 5-17 years) engaged in child labour (economic activities and household chores),2020,4.8,Female,,%,Reported,Free,End of fieldwork,5 to 17 years old
"Palestinian Territory, Occupied",PS,PSE,275,Percentage of children (aged 5-17 years) engaged in child labour (economic activities and household chores),2020,9.6,Male,,%,Reported,Free,End of fieldwork,5 to 17 years old
"Palestinian Territory, Occupied",PS,PSE,275,Percentage of children (aged 5-17 years) engaged in child labour (economic activities and household chores),2020,7.3,Total,,%,Reported,Free,End of fieldwork,5 to 17 years old
Sudan,SD,SDN,736,Percentage of children (aged 5-17 years) engaged in child labour (economic activities and household chores),2014,16.3,Female,,%,Reanalysed,Free,End of fieldwork,5 to 17 years old
Sudan,SD,SDN,736,Percentage of children (aged 5-17 years) engaged in child labour (economic activities and household chores),2014,19.9,Male,,%,Reanalysed,Free,End of fieldwork,5 to 17 years old
Sudan,SD,SDN,736,Percentage of children (aged 5-17 years) engaged in child labour (economic activities and household chores),2014,18.1,Total,,%,Reanalysed,Free,End of fieldwork,5 to 17 years old
Suriname,SR,SUR,740,Percentage of children (aged 5-17 years) engaged in child labour (economic activities and household chores),2018,3.5,Female,,%,Reanalysed,Free,End of fieldwork,5 to 17 years old
Suriname,SR,SUR,740,Percentage of children (aged 5-17 years) engaged in child labour (economic activities and household chores),2018,4.9,Male,,%,Reanalysed,Free,End of fieldwork,5 to 17 years old
Suriname,SR,SUR,740,Percentage of children (aged 5-17 years) engaged in child labour (economic activities and household chores),2018,4.3,Total,,%,Reanalysed,Free,End of fieldwork,5 to 17 years old
Timor-Leste,TL,TLS,626,Percentage of children (aged 5-17 years) engaged in child labour (economic activities and household chores),2016,9.5,Female,,%,Reanalysed,Free,End of fieldwork,5 to 17 years old
Timor-Leste,TL,TLS,626,Percentage of children (aged 5-17 years) engaged in child labour (economic activities and household chores),2016,8.9,Male,,%,Reanalysed,Free,End of fieldwork,5 to 17 years old
Timor-Leste,TL,TLS,626,Percentage of children (aged 5-17 years) engaged in child labour (economic activities and household chores),2016,9.2,Total,,%,Reanalysed,Free,End of fieldwork,5 to 17 years old
Togo,TG,TGO,768,Percentage of children (aged 5-17 years) engaged in child labour (economic activities and household chores),2017,38.5,Female,,%,Reanalysed,Free,End of fieldwork,5 to 17 years old
Togo,TG,TGO,768,Percentage of children (aged 5-17 years) engaged in child labour (economic activities and household chores),2017,38.4,Male,,%,Reanalysed,Free,End of fieldwork,5 to 17 years old
Togo,TG,TGO,768,Percentage of children (aged 5-17 years) engaged in child labour (economic activities and household chores),2017,38.5,Total,,%,Reanalysed,Free,End of fieldwork,5 to 17 years old
Tonga,TO,TON,776,Percentage of children (aged 5-17 years) engaged in child labour (economic activities and household chores),2019,18.6,Female,,%,Reanalysed,Free,End of fieldwork,5 to 17 years old
Tonga,TO,TON,776,Percentage of children (aged 5-17 years) engaged in child labour (economic activities and household chores),2019,33,Male,,%,Reanalysed,Free,End of fieldwork,5 to 17 years old
Tonga,TO,TON,776,Percentage of children (aged 5-17 years) engaged in child labour (economic activities and household chores),2019,26.1,Total,,%,Reanalysed,Free,End of fieldwork,5 to 17 years old
Trinidad and Tobago,TT,TTO,780,Percentage of children (aged 5-17 years) engaged in child labour (economic activities and household chores),2022,3.1,Female,,%,Reported,Free,End of fieldwork,5 to 17 years old
Trinidad and Tobago,TT,TTO,780,Percentage of children (aged 5-17 years) engaged in child labour (economic activities and household chores),2022,5.6,Male,,%,Reported,Free,End of fieldwork,5 to 17 years old
Trinidad and Tobago,TT,TTO,780,Percentage of children (aged 5-17 years) engaged in child labour (economic activities and household chores),2022,4.3,Total,,%,Reported,Free,End of fieldwork,5 to 17 years old
Tunisia,TN,TUN,788,Percentage of children (aged 5-17 years) engaged in child labour (economic activities and household chores),2012,1.4,Female,,%,Reanalysed,Free,End of fieldwork,5 to 14 years old
Tunisia,TN,TUN,788,Percentage of children (aged 5-17 years) engaged in child labour (economic activities and household chores),2012,3,Male,,%,Reanalysed,Free,End of fieldwork,5 to 14 years old
Tunisia,TN,TUN,788,Percentage of children (aged 5-17 years) engaged in child labour (economic activities and household chores),2012,2.3,Total,,%,Reanalysed,Free,End of fieldwork,5 to 14 years old
Turkmenistan,TM,TKM,795,Percentage of children (aged 5-17 years) engaged in child labour (economic activities and household chores),2016,0.1,Female,,%,Reanalysed,Free,End of fieldwork,5 to 17 years old
Turkmenistan,TM,TKM,795,Percentage of children (aged 5-17 years) engaged in child labour (economic activities and household chores),2016,0.4,Male,,%,Reanalysed,Free,End of fieldwork,5 to 17 years old
Turkmenistan,TM,TKM,795,Percentage of children (aged 5-17 years) engaged in child labour (economic activities and household chores),2016,0.3,Total,,%,Reanalysed,Free,End of fieldwork,5 to 17 years old
Turks and Caicos Islands,TC,TCA,796,Percentage of children (aged 5-17 years) engaged in child labour (economic activities and household chores),2020,2.9,Female,,%,Reported,Free,End of fieldwork,5 to 17 years old
Turks and Caicos Islands,TC,TCA,796,Percentage of children (aged 5-17 years) engaged in child labour (economic activities and household chores),2020,8.7,Male,,%,Reported,Free,End of fieldwork,5 to 17 years old
Turks and Caicos Islands,TC,TCA,796,Percentage of children (aged 5-17 years) engaged in child labour (economic activities and household chores),2020,6.1,Total,,%,Reported,Free,End of fieldwork,5 to 17 years old
Tuvalu,TV,TUV,798,Percentage of children (aged 5-17 years) engaged in child labour (economic activities and household chores),2020,4.8,Female,,%,Reported,Free,End of fieldwork,5 to 17 years old
Tuvalu,TV,TUV,798,Percentage of children (aged 5-17 years) engaged in child labour (economic activities and household chores),2020,3.4,Male,,%,Reported,Free,End of fieldwork,5 to 17 years old
Tuvalu,TV,TUV,798,Percentage of children (aged 5-17 years) engaged in child labour (economic activities and household chores),2020,4,Total,,%,Reported,Free,End of fieldwork,5 to 17 years old
Turkey,TR,TUR,792,Percentage of children (aged 5-17 years) engaged in child labour (economic activities and household chores),2019,3.6,Female,,%,Reanalysed,Free,End of fieldwork,5 to 17 years old
Turkey,TR,TUR,792,Percentage of children (aged 5-17 years) engaged in child labour (economic activities and household chores),2019,4.1,Male,,%,Reanalysed,Free,End of fieldwork,5 to 17 years old
Turkey,TR,TUR,792,Percentage of children (aged 5-17 years) engaged in child labour (economic activities and household chores),2019,3.8,Total,,%,Reanalysed,Free,End of fieldwork,5 to 17 years old
Uganda,UG,UGA,800,Percentage of children (aged 5-17 years) engaged in child labour (economic activities and household chores),2017,19,Female,,%,Reanalysed,Free,End of fieldwork,5 to 17 years old
Uganda,UG,UGA,800,Percentage of children (aged 5-17 years) engaged in child labour (economic activities and household chores),2017,17.2,Male,,%,Reanalysed,Free,End of fieldwork,5 to 17 years old
Uganda,UG,UGA,800,Percentage of children (aged 5-17 years) engaged in child labour (economic activities and household chores),2017,18.1,Total,,%,Reanalysed,Free,End of fieldwork,5 to 17 years old
Ukraine,UA,UKR,804,Percentage of children (aged 5-17 years) engaged in child labour (economic activities and household chores),2012,3.4,Female,,%,Reanalysed,Free,End of fieldwork,5 to 14 years old
Ukraine,UA,UKR,804,Percentage of children (aged 5-17 years) engaged in child labour (economic activities and household chores),2012,3.1,Male,,%,Reanalysed,Free,End of fieldwork,5 to 14 years old
Ukraine,UA,UKR,804,Percentage of children (aged 5-17 years) engaged in child labour (economic activities and household chores),2012,3.2,Total,,%,Reanalysed,Free,End of fieldwork,5 to 14 years old
"Tanzania, United Republic of",TZ,TZA,834,Percentage of children (aged 5-17 years) engaged in child labour (economic activities and household chores),2014,23.9,Female,,%,Reanalysed,Free,End of fieldwork,5 to 17 years old
"Tanzania, United Republic of",TZ,TZA,834,Percentage of children (aged 5-17 years) engaged in child labour (economic activities and household chores),2014,25.6,Male,,%,Reanalysed,Free,End of fieldwork,5 to 17 years old
"Tanzania, United Republic of",TZ,TZA,834,Percentage of children (aged 5-17 years) engaged in child labour (economic activities and household chores),2014,24.8,Total,,%,Reanalysed,Free,End of fieldwork,5 to 17 years old
Uruguay,UY,URY,858,Percentage of children (aged 5-17 years) engaged in child labour (economic activities and household chores),2010,3,Female,,%,Reanalysed,Free,End of fieldwork,5 to 17 years old
Uruguay,UY,URY,858,Percentage of children (aged 5-17 years) engaged in child labour (economic activities and household chores),2010,5.3,Male,,%,Reanalysed,Free,End of fieldwork,5 to 17 years old
Uruguay,UY,URY,858,Percentage of children (aged 5-17 years) engaged in child labour (economic activities and household chores),2010,4.2,Total,,%,Reanalysed,Free,End of fieldwork,5 to 17 years old
Uzbekistan,UZ,UZB,860,Percentage of children (aged 5-17 years) engaged in child labour (economic activities and household chores),2022,18.1,Female,,%,Reported,Free,End of fieldwork,5 to 17 years old
Uzbekistan,UZ,UZB,860,Percentage of children (aged 5-17 years) engaged in child labour (economic activities and household chores),2022,23,Male,,%,Reported,Free,End of fieldwork,5 to 17 years old
Uzbekistan,UZ,UZB,860,Percentage of children (aged 5-17 years) engaged in child labour (economic activities and household chores),2022,20.6,Total,,%,Reported,Free,End of fieldwork,5 to 17 years old
Vanuatu,VU,VUT,548,Percentage of children (aged 5-17 years) engaged in child labour (economic activities and household chores),2013,16.2,Female,,%,Reanalysed,Free,End of fieldwork,5 to 14 years old
Vanuatu,VU,VUT,548,Percentage of children (aged 5-17 years) engaged in child labour (economic activities and household chores),2013,15.1,Male,,%,Reanalysed,Free,End of fieldwork,5 to 14 years old
Vanuatu,VU,VUT,548,Percentage of children (aged 5-17 years) engaged in child labour (economic activities and household chores),2013,15.6,Total,,%,Reanalysed,Free,End of fieldwork,5 to 14 years old
Vietnam,VN,VNM,704,Percentage of children (aged 5-17 years) engaged in child labour (economic activities and household chores),2021,7.6,Female,,%,Reported,Free,End of fieldwork,5 to 17 years old
Vietnam,VN,VNM,704,Percentage of children (aged 5-17 years) engaged in child labour (economic activities and household chores),2021,6.4,Male,,%,Reported,Free,End of fieldwork,5 to 17 years old
Vietnam,VN,VNM,704,Percentage of children (aged 5-17 years) engaged in child labour (economic activities and household chores),2021,6.9,Total,,%,Reported,Free,End of fieldwork,5 to 17 years old
Yemen,YE,YEM,887,Percentage of children (aged 5-17 years) engaged in child labour (economic activities and household chores),2023,18.1,Female,,%,Reported,Free,End of fieldwork,5 to 17 years old
Yemen,YE,YEM,887,Percentage of children (aged 5-17 years) engaged in child labour (economic activities and household chores),2023,13.9,Male,,%,Reported,Free,End of fieldwork,5 to 17 years old
Yemen,YE,YEM,887,Percentage of children (aged 5-17 years) engaged in child labour (economic activities and household chores),2023,15.9,Total,,%,Reported,Free,End of fieldwork,5 to 17 years old
Zambia,ZM,ZMB,894,Percentage of children (aged 5-17 years) engaged in child labour (economic activities and household chores),2012,23,Female,,%,Reanalysed,Free,End of fieldwork,5 to 17 years old
Zambia,ZM,ZMB,894,Percentage of children (aged 5-17 years) engaged in child labour (economic activities and household chores),2012,22.9,Male,,%,Reanalysed,Free,End of fieldwork,5 to 17 years old
Zambia,ZM,ZMB,894,Percentage of children (aged 5-17 years) engaged in child labour (economic activities and household chores),2012,23,Total,,%,Reanalysed,Free,End of fieldwork,5 to 17 years old
Zimbabwe,ZW,ZWE,716,Percentage of children (aged 5-17 years) engaged in child labour (economic activities and household chores),2019,22.4,Female,,%,Reanalysed,Free,End of fieldwork,5 to 17 years old
Zimbabwe,ZW,ZWE,716,Percentage of children (aged 5-17 years) engaged in child labour (economic activities and household chores),2019,33.1,Male,,%,Reanalysed,Free,End of fieldwork,5 to 17 years old
Zimbabwe,ZW,ZWE,716,Percentage of children (aged 5-17 years) engaged in child labour (economic activities and household chores),2019,27.9,Total,,%,Reanalysed,Free,End of fieldwork,5 to 17 years old
